<?xml version="1.0" encoding="utf-8"?>
<modification>
  <name>Modification Feedback form</name>
  <code>modification_feedback_form_id</code>
  <version>1.0</version>
  <author>Eugene Byrlad</author>

  <file path="catalog/controller/information/information.php">
    <operation>
      <search><![CDATA[
          $data['description'] = html_entity_decode($information_info['description'], ENT_QUOTES, 'UTF-8');
      ]]></search>
      <add position="after"><![CDATA[
          // The shortcode for the feedback form has been replaced.
          if($this->config->get('module_feedback_form_status')){
            $form = $this->load->controller('extension/module/feedback_form');
            $data['description'] = str_replace('[feedback_form]', $form, $data['description']);
          }
        ]]></add>
    </operation>
  </file>
</modification>
